RANK|STANDARD_COMPANY_NAME|SECTOR|GHG_CONTRIBUTION
1|EXXONMOBIL|Midstream|66370217.22661919
2|WILLIAMS|Midstream|65691032.47999998
3|KINDER MORGAN|Midstream|63478463.6546
4|ENERGY TRANSFER PARTNERS|Midstream|62582675.6
5|CONOCOPHILLIPS|Upstream|54862979.84419999
6|ENTERPRISE PRODUCTS PARTNERS|Midstream|53386631.90309999
7|EXXONMOBIL|Upstream|41239495.46818001
8|CHESAPEAKE ENERGY|Upstream|33190107.0
9|EOG RESOURCES|Upstream|31037909.0
10|DCP MIDSTREAM|Midstream|28958042.630700007
11|BP AMERICA|Midstream|28755010.550399996
12|TARGA RESOURCES|Midstream|27810027.617575
13|BP AMERICA|Upstream|24943179.723099995
14|CONOCOPHILLIPS|Midstream|24827419.53769649
15|DEVON ENERGY|Upstream|23130322.984199997
16|ANADARKO PETROLEUM|Upstream|22331244.3424
17|ANADARKO PETROLEUM|Midstream|20579699.35
18|CHEVRON|Midstream|17537527.51207435
19|MARATHON OIL|Upstream|17423061.721
20|HILCORP ENERGY|Upstream|16738942.702000003
21|SPECTRA ENERGY|Midstream|16496452.178162498
22|ENABLE MIDSTREAM PARTNERS|Midstream|15841591.086000001
23|LOEWS|Midstream|15839193.0
24|ENERVEST OPERATING|Upstream|15655013.0
25|ONEOK|Midstream|15181180.8
26|ENBRIDGE|Midstream|14305589.0
27|LINN ENERGY|Upstream|13409558.0
28|BHP BILLITON|Upstream|12947511.007499997
29|CONTINENTAL RESOURCES|Upstream|12816016.0
30|APACHE|Upstream|12601590.702397298
31|WHITING OIL AND GAS|Upstream|12297972.3518
32|SHELL OIL|Upstream|12250839.208
33|CHEVRON|Upstream|12109032.388564004
34|MPLX|Midstream|11775290.0
35|QEP RESOURCES|Upstream|11717886.0
36|SANDRIDGE ENERGY|Upstream|11563921.0
37|HESS|Upstream|11440719.0
38|ENLINK MIDSTREAM|Midstream|11402728.0
39|PHILLIPS 66|Midstream|10966401.322237499
40|OCCIDENTAL PETROLEUM|Midstream|10849380.600887999
41|CIMAREX ENERGY|Upstream|10571362.0
42|CHENIERE ENERGY|Midstream|9902848.0
43|ENCANA OIL & GAS (USA)|Upstream|9645565.0
44|WPX ENERGY|Upstream|9469520.0
45|SOUTHWESTERN ENERGY|Upstream|9356323.0
46|VAL VERDE GAS GATHERING CO|Midstream|9218104.0
47|OCCIDENTAL PETROLEUM|Upstream|8522239.0
48|SAMSON RESOURCES|Upstream|8188644.0
49|OASIS PETROLEUM|Upstream|7879602.0
50|DOMINION ENERGY|Midstream|7807667.5
51|NEWFIELD EXPLORATION|Upstream|7645640.0
52|REGENCY ENERGY PARTNERS|Midstream|7562153.469000001
53|CALIFORNIA RESOURCES|Midstream|7446905.0
54|EOG RESOURCES|Midstream|7170076.0
55|CONCHO RESOURCES|Upstream|7018515.0
56|MID-AMERICAN ENERGY HOLDINGS|Midstream|6943058.0
57|BERRY PETROLEUM|Upstream|6853847.0
58|PIONEER NATURAL RESOURCES USA|Upstream|6663686.1
59|ANR PIPELINE|Midstream|6627704.0
60|HILCORP ENERGY|Midstream|6611026.044540002
61|NOBLE ENERGY|Upstream|6442848.0
62|PIONEER NATURAL RESOURCES USA|Midstream|6375123.569999999
63|SHELL OIL|Midstream|6220570.202000001
64|TRANSCANADA NORTHERN BORDER|Midstream|6185272.0
65|CENTERPOINT ENERGY RESOURCES|Midstream|6157743.5
66|PDC ENERGY|Upstream|5980457.0
67|STEPHENS PRODUCTION|Upstream|5904439.0
68|HESS|Midstream|5871367.2662
69|WTG|Midstream|5860489.0
70|STATOIL|Upstream|5634979.441
71|EQT|Upstream|5569352.0
72|HALCON RESOURCES|Upstream|5490438.0
73|NORTHERN NATURAL GAS|Midstream|5384160.0
74|CRESTWOOD MIDSTREAM PARTNERS|Midstream|5247104.5
75|PIPECO|Midstream|5234774.0
76|CABOT|Upstream|5216953.0
77|BOPCO|Upstream|5075809.0
78|SM ENERGY|Upstream|4994778.0
79|TC PIPELINES|Midstream|4891276.0
80|LEWIS ENERGY GROUP|Upstream|4648347.0
81|PETRO-HUNT|Upstream|4610555.0
82|FIELDWOOD ENERGY|Upstream|4588120.6326533
83|LOEWS|Upstream|4494402.0
84|DEVON ENERGY|Midstream|4381665.598599998
85|MARKWEST ENERGY PARTNERS|Midstream|4152235.2
86|PENN VIRGINIA|Upstream|4080618.0
87|EP ENERGY E&P CO|Upstream|3998190.0
88|MARATHON OIL|Midstream|3921164.6399999987
89|ANTERO RESOURCES|Upstream|3883702.0
90|CROSSTEX ENERGY SERVICES|Midstream|3868853.0
91|MURPHY OIL|Upstream|3798270.625
92|TEXAS EASTERN TRANSMISSION|Midstream|3629553.0
93|EP ENERGY E&P CO|Midstream|3609064.0
94|EXCO RESOURCES|Upstream|3576052.0
95|BILL BARRETT|Upstream|3540943.0
96|ATLAS ENERGY GROUP|Upstream|3478964.0
97|HARVEST PIPELINE|Midstream|3397525.5
98|DIAMONDBACK ENERGY|Upstream|3145314.0
99|CARRIZO OIL & GAS|Upstream|3129009.0
100|EQT|Midstream|3118982.0
101|FOURPOINT ENERGY|Upstream|3076481.0
102|ENERGEN|Upstream|3060597.0
103|TRANSCANADA ENERGY USA|Midstream|3007719.2500000005
104|ENERPLUS RESOURCES|Upstream|2991569.0
105|NISOURCE|Midstream|2932350.75
106|ENI PETROLEUM|Upstream|2866401.125
107|CHAPARRAL ENERGY|Upstream|2832744.0
108|ROCKIES EXPRESS HOLDINGS|Midstream|2821546.75
109|BREITBURN ENERGY CO|Upstream|2810766.0
110|SOUTHCROSS ENERGY|Midstream|2807769.0
111|DENBURY RESOURCES|Upstream|2751162.0
112|SABINE OIL AND GAS|Upstream|2744050.0
113|ENDEAVOR ENERGY RESOURCES|Upstream|2712940.0
114|CNX RESOURCES|Upstream|2693657.0
115|TERRA ENERGY PARTNERS|Upstream|2647695.0
116|LEGEND NATURAL GAS|Upstream|2644886.0
117|PACIFIC GAS & ELECTRIC|Midstream|2619516.0
118|YATES PETROLEUM|Upstream|2589616.0
119|BROOKFIELD INFRASTRUCTURE PTNR|Midstream|2550447.5
120|SOUTHERN UTE INDIAN TRIBE|Midstream|2541767.5399999996
121|NATIONAL FUEL GAS|Midstream|2523765.0
122|MERIT ENERGY|Upstream|2504869.0
123|ENERGY XXI|Upstream|2484580.58
124|ESCAMBIA ASSET CO|Midstream|2438919.7452000002
125|QUESTAR|Upstream|2409774.0
126|ULTRA PETROLEUM ENERGY|Upstream|2399577.0
127|COMSTOCK RESOURCES|Upstream|2360597.0
128|BHP BILLITON|Midstream|2332143.75
129|AUX SABLE|Midstream|2309747.0
130|CONSOL ENERGY|Upstream|2266377.0
131|CIMAREX ENERGY|Midstream|2250079.3100000005
132|TRANSCANADA AMERICAN INVESTMENTS|Midstream|2232208.0
133|THUNDER CREEK GAS SERVICES|Midstream|2228672.0
134|NORTHERN BORDER PIPELINE|Midstream|2199694.0
135|MEMORIAL RESOURCE DEVELOPMENT|Upstream|2171393.0
136|ANTERO RESOURCES|Midstream|2163000.0
137|AKA ENERGY GROUP|Midstream|2153348.0
138|MERIT ENERGY|Midstream|2149030.9678149996
139|FOREST OIL|Upstream|2117904.0
140|MACPHERSON OIL|Upstream|2091660.0
141|TEMPLAR ENERGY|Upstream|2066811.0
142|UNIT|Upstream|2045227.0
143|CEDAR BAYOU FRACTIONATORS|Midstream|2019056.0
144|BREITBURN ENERGY CO|Midstream|2008661.0
145|SEMPRA ENERGY|Midstream|2007069.25
146|ENEERVEST OPERATING|Upstream|2002264.0
147|FOUNDATION ENERGY|Upstream|2000760.0
148|VECTOR PIPELINE|Midstream|1977150.0
149|SCOUT ENERGY MANAGEMENT|Upstream|1973400.0
150|ATLAS ENERGY GROUP|Midstream|1968539.4
151|RANGE RESOURCES|Upstream|1963291.0
152|SLAWSON COMPANIES|Upstream|1945168.0
153|MUSTANG FUEL|Midstream|1941559.0
154|KAISER-FRANCIS OIL|Upstream|1895828.0
155|ACCESS MIDSTREAM PARTNERS|Midstream|1895629.0
156|PARSLEY ENERGY|Upstream|1875446.0
157|SOUTHWESTERN ENERGY|Midstream|1875181.0
158|BONANZA CREEK ENERGY|Upstream|1875137.0
159|DTE ENERGY|Midstream|1835093.6125
160|SEMGAS|Midstream|1828446.0
161|LINN ENERGY|Midstream|1800044.71
162|VERESEN|Midstream|1783356.0
163|TALISMAN ENERGY USA|Upstream|1780464.0
164|VANGUARD NATURAL RESOURCES|Midstream|1763532.0
165|INDIGO MINERALS|Upstream|1760964.0
166|ENERVEST OPERATING|Midstream|1752735.0
167|KODIAK OIL& GAS|Upstream|1730589.0
168|LAREDO PETROLEUM|Upstream|1724793.0
169|QEP RESOURCES|Midstream|1716788.0
170|GALESI GROUP|Upstream|1710051.0
171|MATADOR PRODUCTION|Upstream|1698300.0
172|CRESCENT POINT ENERGY US|Upstream|1695079.0
173|SENTINEL PEAK RESOURCES|Midstream|1667255.0
174|SWIFT ENERGY OPERATING|Upstream|1660595.0
175|ALTA MESA SERVICES|Upstream|1634409.0
176|BLUESTONE NATURAL RESOURCES|Upstream|1622746.0
177|MIDSTATES PETROLEUM COMPANY|Upstream|1621904.0
178|WILLIAMS|Upstream|1591655.0
179|QUESTAR|Midstream|1540260.0
180|JONAH ENERGY HOLDINGS|Upstream|1520454.0
181|MIDCOAST ENERGY|Midstream|1513214.0
182|COPANO ENERGY|Midstream|1510088.0
183|VANGUARD NATURAL RESOURCES|Upstream|1496885.0
184|DENBURY RESOURCES|Midstream|1467412.0
185|TALLGRASS ENERGY|Midstream|1465255.0
186|GULFPORT ENERGY|Upstream|1455968.0
187|JONES ENERGY HOLDINGS|Upstream|1435983.0
188|PERMIAN BASIN|Midstream|1422563.8470842002
189|FLYWHEEL ENERGY|Midstream|1415750.0
190|ANDEAVOR|Midstream|1413382.0
191|FREEPORT-MCMORAN|Upstream|1409070.1213999998
192|UNIT|Midstream|1400628.0
193|TOTAL E&P USA|Upstream|1360964.8399999999
194|W & T OFFSHORE|Upstream|1357019.75
195|WA MONCRIEF JR|Midstream|1343483.0999820204
196|AZURE MIDSTREAM ENERGY|Midstream|1342300.0
197|SUMMIT MIDSTREAM PARTNERS|Midstream|1328863.0
198|ECOELECTRICA|Midstream|1328011.0
199|SOUTHLAND ROYALTY|Upstream|1323752.0
200|TEP ROCKY MOUNTAIN|Upstream|1318558.0
201|NORTEX MIDSTREAM PARTNERS|Midstream|1303852.0
202|EVERGREEN ENTERPRISE HOLDINGS|Midstream|1302855.5
203|DIVERSIFIED GAS & OIL|Upstream|1302604.0
204|GEOSOUTHERN ENERGY|Upstream|1297627.0
205|FLYWHEEL ENERGY|Upstream|1292746.0
206|EAGLECLAW MIDSTREAM SERVICES|Midstream|1285872.0
207|RESOLUTE ENERGY|Upstream|1284913.0
208|LUCID ENERGY DELAWARE|Midstream|1269334.0
209|EFS MIDSTREAM|Midstream|1267341.0
210|SENECA RESOURCES|Upstream|1265933.0
211|HUNT CONSOLIDATED|Upstream|1255138.0
212|CAERUS OIL AND GAS|Upstream|1249954.0
213|STONE ENERGY|Upstream|1242319.0
214|COVEY PARK ENERGY|Upstream|1241676.0
215|EAGLE ROCK ENERGY PARTNERS|Midstream|1220659.8947
216|TESORO|Midstream|1204476.0
217|ALGONQUIN GAS TRANSMISSION|Midstream|1197416.0
218|COG OPERATING|Upstream|1193770.0
219|ENCANA OIL & GAS (USA)|Midstream|1184274.0
220|EQUITRANS MIDSTREAM|Midstream|1161856.0
221|APPROACH RESOURCES|Upstream|1149419.0
222|GREAT LAKES GAS TRANSMISSION|Midstream|1127900.0
223|PANHANDLE EASTERN PIPE LINE|Midstream|1124373.0
224|BLUE RACER MIDSTREAM|Midstream|1118183.0
225|NOBLE ENERGY|Midstream|1092125.08175
226|TEXAS PETROLEUM INVESTMENT|Upstream|1091213.0
227|MDU RESOURCES GROUP|Upstream|1073538.0
228|MURPHY OIL|Midstream|1071273.6860000005
229|SHERIDAN PRODUCTION COMAPNY|Upstream|1064053.0
230|UNIT PETROLEUM|Upstream|1059132.0
231|NORTHERN COLORADO OIL & GAS HOLDINGS|Upstream|1050958.0
232|VALENCE OPERATING|Upstream|1050081.0
233|TECOLOTE ENERGY|Upstream|1037984.0
234|TAPSTONE ENERGY|Upstream|1022403.0
235|TANOS EXPLORATION II|Upstream|1019084.0
236|PLAINS ALL AMERICAN GP|Midstream|1016537.0
237|SENTINEL PEAK RESOURCES|Upstream|1010083.0
238|AMERICAN MIDSTREAM PARTNERS|Midstream|1005463.0
239|CALIFORNIA RESOURCES|Upstream|978078.0
240|LEGACY RESERVES OPERATING|Upstream|976621.0
241|SANCHEZ OIL AND GAS|Upstream|959196.0
242|DUGAN PRODUCTION|Upstream|956389.0
243|FLORIDA GAS TRANSMISSION|Midstream|951998.0
244|TRENDWELL ENERGY|Upstream|943368.0
245|CASTLETON COMMODITIES INTERNATIONAL|Upstream|940995.0
246|SOUTHERN UTE INDIAN TRIBE|Upstream|933046.0
247|NADEL & GUSSMAN|Upstream|931497.0
248|EXTRACTION OIL & GAS|Upstream|927541.0
249|MORGAN STANLEY|Midstream|925807.0
250|FAMCOR OIL|Upstream|920699.0
251|TRIANGLE USA PETROLEUM|Upstream|918105.0
252|ROSETTA RESOURCES OPERATING|Upstream|917027.0
253|LARAMIE ENERGY|Upstream|914908.0
254|LUCID ENERGY WESTEX|Midstream|912102.0
255|JAGGED PEAK ENERGY|Upstream|908098.0
256|COMPASS PRODUCTION PARTNERS|Upstream|900239.0
257|AETHON ENERGY|Upstream|899785.0
258|NFR ENERGY|Upstream|886374.0
259|LOGOS RESOURCES II|Upstream|886144.0
260|HOWARD ENERGY PARTNERS|Midstream|883486.0
261|ALL AMERICAN OIL AND GAS|Upstream|882350.0
262|SN EF MAVERICK|Midstream|877858.0
263|REPSOL OIL & GAS USA|Midstream|875902.0
264|CHESAPEAKE ENERGY|Midstream|874731.0
265|XTO ENERGY|Upstream|873488.0
266|JORDAN DEVELOPMENT CORP|Upstream|855401.0
267|TRANSCANADA/COLUMBIA PIPELINE GROUP|Midstream|852651.0
268|APACHE|Midstream|849596.3436999999
269|PREMIER NATURAL RESOURCES|Upstream|845466.0
270|ENCINO ENERGY|Upstream|843834.0
271|PRUET PRODUCTION|Upstream|836007.0
272|QUANTUM RESOURCES MANAGEMENT|Midstream|829517.9495363001
273|URSA RESOURCES GROUP|Upstream|829500.0
274|REX ENERGY OPERATING|Upstream|820036.0
275|GAS TRANSMISSION SERVICES COMPANY|Midstream|810190.0
276|NAVITAS MIDSTREAM|Midstream|810182.0
277|PENNSYLVANIA GENERAL ENERGY COMPANY|Upstream|804853.0
278|BRUIN E&P PARTNERS|Upstream|804509.0
279|LLOG EXPLORATION OFFSHORE|Upstream|795772.0
280|AMERICAN ENERGY PARTNERS|Upstream|771767.0
281|LIME ROCK RESOURCES|Upstream|768618.0
282|DOMINION ENERGY|Upstream|760402.0
283|COLUMBIA PIPELINE GROUP|Midstream|760212.775
284|SWEPI|Upstream|756415.0
285|CRESTONE PEAK RESOURCES|Upstream|755512.0
286|BRUIN E&P OPERATING|Upstream|751378.0
287|CLAYTON WILLIAMS ENERGY|Upstream|749278.0
288|RKI|Upstream|746921.0
289|CORONADO MIDSTREAM|Midstream|735693.0
290|WEST BAY EXPLORATION|Upstream|735511.0
291|KINDER MORGAN|Upstream|735240.0
292|WESTERN REFINING|Midstream|723729.0
293|FDL OPERATING|Upstream|718089.0
294|PVR MIDSTREAM|Midstream|711202.0
295|JAMES LAKE MIDSTREAM|Midstream|703140.0
296|ROSETTA RESOURCES OPERATING|Midstream|695158.0
297|CENTENNIAL RESOURCE PRODUCTION|Upstream|690209.0
298|ARUBA PETROLEUM|Upstream|688294.0
299|DOW CHEMICAL|Midstream|661442.5
300|DIVERSIFIED OIL & GAS|Upstream|656330.0
301|CAPROCK PERMIAN PROCESSING|Midstream|647859.0
302|EQUINOR US HOLDINGS|Upstream|642805.981
303|HILAND PARTNERS|Midstream|641355.0
304|CHIEF OIL & GAS|Upstream|637450.0
305|ASCENT RESOURCES|Upstream|636633.0
306|CONTURA ENERGY|Upstream|634902.0
307|GOODRICH PETROLEUM|Upstream|633942.0
308|CASTLETON COMMODITIES INTERNATIONAL|Midstream|633019.0
309|FREEPORT LNG DEVELOPMENT|Midstream|628693.0
310|OAK RIDGE NATURAL RESOURCES|Upstream|627253.0
311|FAIRWAY RESOURCES|Upstream|626978.0
312|BLACKBRUSH O & G|Upstream|623606.0
313|BCE-MACH|Upstream|622761.0
314|MUSKEGON DEVELOPMENT|Upstream|619410.0
315|NATIONAL FUEL GAS|Upstream|618001.0
316|PEMBINA PIPELINE|Midstream|614173.0
317|VINE OIL & GAS|Upstream|609095.0
318|SOUTHERN UNION GAS SERVICES|Midstream|603121.0
319|VENOCO|Upstream|594353.0
320|WHITE OAK ENERGY|Upstream|592556.0
321|NEXTERA ENERGY RESOURCES|Upstream|587269.0
322|DISCOVERY NATURAL RESOURCES|Upstream|582532.0
323|STATOIL|Midstream|580406.0
324|LIBERTY RESOURCES|Upstream|579100.0
325|WHITING OIL AND GAS|Midstream|573778.7324144802
326|ARENA ENERGY|Upstream|571935.0
327|PETROBRAS AMERICA|Upstream|569966.8500000001
328|MAVERICK NATURAL RESOURCES|Midstream|565881.0
329|COX OIL|Upstream|557675.5952054
330|MIDMAR GAS|Midstream|557606.0
331|SAVANT ALASKA|Upstream|555734.25
332|MILAGRO EXPLORATION|Upstream|553005.0
333|CARRIZO OIL & GAS|Midstream|550618.0
334|AETHON ENERGY|Midstream|545656.0
335|W & T OFFSHORE|Midstream|545353.9267000001
336|PLAINS EXPLORATION & PRODUCTION|Upstream|545244.2102
337|AGL RESOURCES|Midstream|542568.0
338|TELLUS ENERGY GROUP|Upstream|537125.0
339|PERMIAN RESOURCES|Upstream|535328.0
340|TENAWA HAVEN PROCESSING|Midstream|534868.0
341|KRAKEN OIL & GAS|Upstream|533921.0
342|SURGE OPERATING|Upstream|533864.0
343|HUNT CONSOLIDATED|Midstream|526745.9281
344|P&S PROJECT I|Midstream|525934.0
345|COPREX|Midstream|525934.0
346|LOE|Midstream|525546.0
347|WEST TEXAS GAS|Midstream|522479.7800000001
348|WILDHORSE RESOURCES|Upstream|514735.0
349|PETRO HARVESTER OIL & GAS|Upstream|513742.0
350|IROQUOIS GAS TRANSMISSION SYSTEM|Midstream|512221.0
351|PSI MIDSTREAM PARTNERS|Midstream|495680.0
352|DUNCAN OIL PROPERTIES|Upstream|490254.0
353|CMS ENERGY|Midstream|489945.0
354|DAVIS GAS PROCESSING|Midstream|489270.0
355|HOOVER ENERGY PARTNERS|Midstream|488568.0
356|TENAWA RESOURCE MANAGEMENT|Midstream|488448.0
357|DYNAMIC OFFSHORE RESOURCES|Upstream|487911.0
358|SUPERIOR PIPELINE|Midstream|485396.0
359|PLAINS EXPLORATION & PRODUCTION|Midstream|477266.37486212
360|WGR OPERATING|Midstream|470484.0
361|FORMOSA PLASTICS CORP USA|Midstream|465351.0
362|WILDHORSE RESOUCES|Upstream|461398.0
363|ENERGY CORP OF AMERICA|Upstream|460117.0
364|LEWIS ENERGY GROUP|Midstream|450240.0
365|SANGUINE GAS EXPLORATION|Upstream|449250.0
366|TALOS ENERGY|Upstream|447036.0
367|MDU RESOURCES GROUP|Midstream|446597.0
368|RICE ENERGY|Upstream|445683.0
369|BURNETT OIL CO|Upstream|444996.0
370|VITRUVIAN EXPLORATION|Upstream|442683.0
371|BRAVO NATURAL GAS|Upstream|442653.0
372|SRC ENERGY|Upstream|436222.0
373|BAYTEX ENERGY USA|Upstream|428139.0
374|PAXTON RESOURCES|Upstream|427081.0
375|SAMUEL GARY JR. ASSOCIATES|Upstream|423640.0
376|MAGNOLIA OIL & GAS OPERATING|Upstream|421110.0
377|TIMBER CREEK OPERATING|Upstream|419746.0
378|BLACKBEARD OPERATING|Upstream|416236.0
379|OCCIDENTIAL PETROLEUM|Upstream|414639.0
380|CNX RESOURCES|Midstream|414591.0
381|EPL OIL & GAS|Upstream|414540.0
382|ATMOS ENERGY|Midstream|412084.0
383|CAISSE DE DEPOT ET PLACEMENT DU QUEBEC|Midstream|409575.5
384|EAGLERIDGE OPERATING|Upstream|406839.0
385|TRUNKLINE GAS|Midstream|397926.0
386|ENERVEST OPERATING, LLC|Upstream|394282.0
387|ROWDY PIPELINE|Midstream|383345.0
388|HAWKWOOD ENERGY MANAGEMENT LLC 220|Upstream|383072.0
389|CROSS TIMBERS ENERGY|Upstream|379416.0
390|QUICKSILVER RESOURCES|Upstream|379251.0
391|HELIS OIL AND GAS COMPANY|Upstream|378362.0
392|KINETICA PARTNERS|Midstream|377566.0
393|INTEGRYS ENERGY GROUP|Midstream|374091.0
394|VANTAGE ENERGY|Upstream|373782.0
395|SUMMIT PETROLEUM|Upstream|373431.0
396|PENNSYLVANIA LAND RESOURCES HOLDING COMPANY|Upstream|373190.0
397|CONTURA ENERGY|Midstream|373028.0
398|CONSOL ENERGY|Midstream|371582.5
399|CALLON PETROLEUM|Upstream|371216.0
400|ENOGEX HOLDINGS|Midstream|369404.0
401|JMA ENERGY COMPANY|Upstream|361389.0
402|WHITE ROCK OIL & GAS|Upstream|360099.0
403|NATURAL GAS PARTNERS|Upstream|359704.0
404|AUGUSTUS ENERGY RESOURCES|Upstream|359429.0
405|SAGA PETROLEUM|Upstream|357775.0
406|ENVEN ENERGY VENTURES|Upstream|355832.0
407|PACIFIC ENERGY ALASKA OPERATING|Upstream|350098.07699999993
408|SBM OFFSHORE|Upstream|349144.0
409|TGGT HOLDINGS|Midstream|348881.0
410|ACADIAN GAS PIPELINE SYSTEM|Midstream|347202.0
411|THE SINCLAIR COS|Upstream|342543.0
412|SCOUT ENERGY MANAGEMENT|Midstream|334265.0
413|SILVERBACK MIDSTREAM|Midstream|331217.00000000006
414|NINE POINT ENERGY HOLDINGS|Upstream|327900.0
415|ELM RIDGE EXPLORATION COMPANY|Upstream|327491.0
416|TRISTREAM ENERGY|Midstream|317633.0
417|SHERIDAN PRODUCTION COMPANY|Upstream|317205.0
418|BENEDUM GAS PARTNERS|Midstream|314292.0
419|ROCKCLIFF ENERGY II|Upstream|313584.0
420|EQUAL ENERGY|Upstream|312740.0
421|SEQUITUR EAST TEXAS|Upstream|311042.0
422|BC OPERATING|Upstream|304880.0
423|WEC ENERGY GROUP|Midstream|303953.0
424|J-W OPERATING|Upstream|302101.0
425|LE NORMAN OPERATING|Upstream|301253.0
426|LEGACY RESERVES OPERATING|Midstream|298606.77999999997
427|MARLIN MIDSTREAM|Midstream|297115.0
428|URBAN OIL & GAS GROUP|Upstream|296485.0
429|MEDUSA SPAR|Upstream|295957.5
430|WARREN RESOURCES|Midstream|295065.0
431|NAFTEX OPERATING|Upstream|291305.0
432|REM|Upstream|291239.0
433|LAREDO PETROLEUM|Midstream|284587.0
434|WILDCAT MIDSTREAM CADDO|Midstream|283956.0
435|HIGHPOINT RESOURCES|Upstream|281596.0
436|PARALLEL ENERGY|Upstream|278342.0
437|ENDURING RESOURCES|Upstream|277174.0
438|ZENERGY|Upstream|276584.0
439|MOUNTAINEER KEYSTONE|Upstream|276232.0
440|SANDRIDGE ENERGY|Midstream|275776.0
441|LARAMIE ENERGY|Midstream|274816.0
442|FOUR WINDS MIDSTREAM|Midstream|273878.0
443|ANKOR ENERGY|Upstream|273535.0
444|ASRCEX|Upstream|267575.75
445|ROAN RESOURCES|Upstream|267107.0
446|MIDDLE FORK ENERGY PARTNERS|Upstream|265732.0
447|GENERAL ELECTRIC|Midstream|265721.5
448|ERG RESOURCES|Upstream|262910.0
449|LUFF EXPLORATION|Upstream|259951.0
450|ATP OIL & GAS|Upstream|259681.0
451|ABRAXAS PETROLEUM|Upstream|258507.0
452|TRC CYPRESS GROUP|Upstream|250125.0
453|ARROWHEAD PIPELINE|Midstream|249596.0
454|MONARCH NATURAL GAS|Midstream|247841.0
455|BAYSWATER EXPLORATION & PRODUCTION|Upstream|244552.0
456|QUANTUM RESOURCES MANAGEMENT|Upstream|234685.0
457|WARD PETROLEUM|Upstream|233857.0
458|CANTIUM|Upstream|231721.0
459|DURANGO MIDSTREAM|Midstream|230928.0
460|COOK INLET ENERGY|Upstream|230005.0
461|FIML NATURAL RESOURCES|Upstream|229052.0
462|COGENT MIDSTREAM WESTEX|Midstream|228194.0
463|GRADE 6 OIL|Upstream|227737.0
464|TALCO MIDSTREAM ASSETS|Midstream|227717.0
465|MUREX PETROLEUM|Upstream|227501.0
466|SUNDANCE ENERGY|Upstream|227420.0
467|WHITE STAR PETROLEUM|Upstream|226390.0
468|MUNICIPAL LIGHT & POWER|Upstream|224239.86899999998
469|ARD OPERATING|Midstream|222909.0
470|RSP PERMIAN|Upstream|222509.0
471|PXP OFFSHORE|Upstream|220631.26799999998
472|PER MANAGER|Upstream|220016.0
473|MONCRIEF PARTNERS|Midstream|217099.79681589
474|ZPZ DELAWARE I|Midstream|213654.82000000004
475|MAVERICK NATURAL RESOURCES|Upstream|211565.0
476|PENNSYLVANIA GENERAL ENERGY COMPANY|Midstream|211138.0
477|SK PLYMOUTH|Upstream|211046.0
478|GASCO ENERGY|Upstream|210182.0
479|SHD OIL & GAS|Upstream|209040.0
480|BADLANDS ENERGY|Upstream|207192.0
481|J CLEO THOMPSON & JAMES CLEO THOMPSON JR|Upstream|206697.0
482|NHIP II BISON HOLDINGS|Midstream|201866.0
483|BOC 220 GULF COAST BASIN ONSHORE|Upstream|201519.0
484|NOBLE MIDSTREAM SERVICES|Midstream|201050.0
485|REPSOL OIL & GAS USA|Upstream|200181.0
486|URBAN OIL & GAS GROUP|Midstream|198137.0
487|ENERGY RESOURCE TECHNOLOGY|Upstream|197905.0
488|PETRO-HUNT|Midstream|196825.97591900002
489|KASH OIL & GAS - BASIN 220|Upstream|194724.0
490|CALLON PETROLEUM|Midstream|191239.0
491|EGAN HUB STORAGE|Midstream|190001.0
492|VAQUERO PERMIAN GATHERING|Midstream|186582.0
493|CORE APPALACHIA OPERATING|Midstream|186249.0
494|MARUBENI INTERNATIONAL|Midstream|186239.403
495|LOUIS DREYFUS CORP|Midstream|186039.2646
496|CARBON NATURAL GAS|Midstream|183584.0
497|NEWARK E&P OPERATING|Upstream|183395.0
498|BRAVO NATURAL RESOURCES|Upstream|182938.0
499|MACQUARIE INFRASTRUCTURE CO|Midstream|182755.0
500|BBX OPERATING|Upstream|182476.0
501|MANTI EXPLORATION OPERATING|Upstream|182312.0
502|BLACK BEAR MIDSTREAM HOLDINGS|Midstream|181475.0
503|NBL MIDSTREAM HOLDINGS|Midstream|180447.0
504|CROWHEART ENERGY|Upstream|179098.0
505|TIMBER CREEK OPERATING|Midstream|176698.0
506|SILVERBOW RESOURCES|Upstream|175776.0
507|NAVAJO NATION OIL AND GAS|Upstream|175145.0
508|GDF SUEZ ENERGY NA|Midstream|175117.0
509|EXTERRAN HOLDINGS|Midstream|174802.0
510|LP 224|Midstream|174400.42787568003
511|WPX ENERGY|Midstream|173596.0
512|PATARA OIL & GAS|Upstream|173577.0
513|GULF PINE ENERGY OPERATING|Upstream|172264.0
514|OASIS PETROLEUM|Midstream|172226.0
515|NON-EXXONMOBIL INTERESTS|Midstream|169327.55
516|CORDILLERA ENERGY PARTNERS III|Upstream|167059.0
517|SEQUITUR EAST TEXAS|Midstream|166760.0
518|RICE ENERGY|Midstream|165693.0
519|STERLING ENERGY GROUP|Midstream|164514.0
520|COMPASS PRODUCTION PARTNERS|Midstream|164151.0
521|JAY-BEE OIL & GAS|Midstream|163447.0
522|DJ RESOURCES|Upstream|162986.0
523|NATIONAL GRID USA|Midstream|162925.6125
524|TRANSCANDA/COLUMBIA PIPELINE GROUP|Midstream|162777.0
525|MCELVAIN ENERGY|Upstream|162262.0
526|VERDUN OIL|Midstream|162253.0
527|REM|Midstream|162049.0
528|XTO ENERGY|Midstream|161516.81000000003
529|HOLMES WESTERN OIL|Upstream|160884.0
530|PLAINS NATURAL GAS STORAGE|Midstream|159316.0
531|JAY-BEE OIL & GAS|Upstream|158764.0
532|CAELUS ENERGY|Upstream|158593.40000000002
533|ALPHA NATURAL RESOURCES|Upstream|158075.0
534|GULFTEX ENERGY III|Upstream|157641.0
535|NEWFIELD EXPLORATION|Midstream|157073.0
536|SYNERGY RESOURCES|Upstream|156345.0
537|LONESTAR RESOURCES|Upstream|155602.0
538|ROSEWOOD RESOURCES|Upstream|154174.0
539|ALTA MESA SERVICES|Midstream|151997.0
540|OXY|Midstream|150977.38365328003
541|LAMBDA ENERGY RESOURCES|Midstream|150771.0
542|COSTAR MIDSTREAM|Midstream|150744.0
543|CARDINAL MIDSTREAM|Midstream|148482.4
544|FASKEN OIL AND RANCH|Upstream|148446.0
545|ARD OPERATING|Upstream|147135.0
546|TENRGYS|Midstream|146463.0
547|PATARA OIL & GAS|Midstream|146433.0
548|TEP REX HOLDINGS|Midstream|145850.25
549|CMO|Upstream|145663.0
550|TECPETROL|Upstream|145635.0
551|KOCH INDUSTRIES|Midstream|144612.0
552|PINTAIL OIL & GAS|Upstream|144330.0
553|BONANZA CREEK ENERGY|Midstream|143820.0
554|NUEVO MIDSTREAM|Midstream|142742.0
555|BENNU OIL & GAS|Upstream|141492.0
556|SOUTHERN CO GAS|Midstream|140929.0
557|LAMBDA ENERGY RESOURCES|Upstream|139697.0
558|AGAVE ENERGY HOLDINGS|Midstream|139012.0
559|LONGFELLOW ENERGY|Upstream|138974.0
560|EAGLE ROCK ENERGY PARTNERS|Upstream|137601.0
561|DUGAN PRODUCTION|Midstream|137249.0
562|CRIMSON RESOURCE MANAGEMENT|Midstream|136738.0
563|RESOURCE ENERGY|Upstream|136631.0
564|SAMSON RESOURCES|Midstream|135957.0
565|INERGY WEST COAST|Midstream|135767.0
566|SK E&P|Upstream|134639.0
567|BLACK HILLS|Midstream|133756.0
568|TOMPC|Midstream|133478.0
569|ROCKCLIFF ENERGY II|Midstream|133454.0
570|WHITE OAK ENERGY|Midstream|132796.0
571|BLACK HILLS|Upstream|130564.0
572|TEXAS KEYSTONE|Upstream|130224.0
573|NGL VENTURES|Midstream|129814.82200000004
574|MAGNUM HUNTER RESOURCES|Upstream|129018.0
575|NISKA GAS STORAGE|Midstream|128641.0
576|BRAZOS MIDSTREAM|Midstream|128046.0
577|PLAINS LPG SERVICES|Midstream|124408.0
578|WOODFORD EXPRESS|Midstream|123544.0
579|KEY PRODUCTION|Upstream|122304.0
580|NORTHERN PIPELINE BORDER|Midstream|120428.0
581|DART OIL & GAS|Midstream|119328.0
582|CARRERA GAS GATHERING|Midstream|118431.5
583|SK NEMAHA|Upstream|118070.0
584|ENDURING RESOURCES|Midstream|116915.0
585|EAGLE PETROLEUM|Upstream|116802.0
586|SHORELINE ENERGY|Upstream|116406.0
587|CATARINA MIDSTREAM|Midstream|115874.0
588|PANTHER ENERGY|Upstream|115287.0
589|RISE ENERGY PARTNERS|Upstream|114684.0
590|YATES PETROLEUM|Midstream|114267.0
591|IPR-GDF SUEZ NORTH AMERICA|Midstream|113622.0
592|ENGIE NORTH AMERICA|Midstream|113074.0
593|CAERUS OIL AND GAS|Midstream|112767.0
594|FOUNDATION ENERGY|Midstream|112660.0
595|PEAK EXPLORATION & PRODUCTION|Upstream|110353.0
596|GENESIS ENERGY|Upstream|110180.0
597|PDC ENERGY|Midstream|108897.0
598|ENRIDGE|Midstream|107886.0
599|AMERICAN EAGLE ENERGY|Upstream|106917.0
600|EXCO RESOURCES|Midstream|105156.0
601|AIRCRAFT SERVICES CORPORATION (GE ENTITY)|Midstream|105075.00000000001
602|SAGE NATURAL RESOURCES|Upstream|101677.0
603|TAPSTONE ENERGY|Midstream|100377.0
604|MOON HINES TIGRETT OPERATING COMPANY|Upstream|100123.0
605|ELK PETROLEUM MADDEN GAS & CO2|Midstream|100024.40671595001
606|S2 ENERGY OPERATING|Upstream|99678.0
607|AKIN BEENE RESOURCES|Upstream|99361.0
608|TANA EXPLORATION CO|Upstream|98807.0
609|TAQA USA|Upstream|98559.0
610|SILVER CREEK OIL & GAS|Upstream|97550.0
611|ARSENAL RESOURCES|Midstream|96685.0
612|DESTIN PIPELINE COMPANY|Midstream|96475.0
613|31 GROUP|Midstream|96069.0
614|NORTHEAST NATURAL ENERGY|Upstream|94787.0
615|DIVIDE CREEK GATHERING SYSTEM|Midstream|94527.0
616|ELK PETROLEUM|Upstream|93053.0
617|ROBERTSON-FINLEY RESOURCES|Upstream|92993.0
618|SIGNAL HILL PETROLEUM|Midstream|92898.0
619|EAST TENNESSEE NATURAL GAS|Midstream|92826.0
620|NORTHWESTERN ENERGY|Midstream|92621.0
621|1804|Midstream|92204.0
622|BKV OPERATING|Upstream|91661.0
623|SWG PIPELINE|Midstream|91302.0
624|EDF TRADING RESOURCES|Upstream|89776.0
625|ECLIPSE RESOURCES|Upstream|88100.0
626|VERDAD RESOURCES|Upstream|87415.0
627|BLUECREST ENERGY|Upstream|85614.0
628|BERRY PETROLEUM|Midstream|84816.0
629|PARADOX RESOURCES|Upstream|84264.0
630|MEMORIAL RESOURCE DEVELOPMENT|Midstream|83254.0
631|STANOLIND PRODUCTION|Upstream|83028.0
632|EDGEMARC ENERGY HOLDINGS|Upstream|82837.0
633|SOUTHLAND ROYALTY|Midstream|82583.0
634|KINGFISHER MIDSTREAM|Midstream|81953.0
635|KREWE ENERGY|Upstream|81738.0
636|TEXLAND PETROLEUM|Upstream|81727.0
637|EARTHSTONE OPERATING|Upstream|79221.0
638|JOHNSON AND LINDLEY|Midstream|78438.45000000001
639|HG ENERGY II APPALACHIA|Upstream|78371.0
640|ENTERPRISE PRODUCTS PARTNERS|Upstream|77445.5
641|TEXSTAR MIDSTREAM SERVICES|Midstream|74521.0
642|SENECA RESOURCES|Midstream|74106.0
643|DTE ENERGY|Upstream|74105.0
644|PROSPECT CAPITAL|Midstream|72401.0
645|COOK INLET ENERGY|Midstream|72148.0
646|CATAMOUNT ENERGY PARTNERS|Midstream|71752.0
647|KERR MCGEE GATHERING|Midstream|71627.22
648|DE3 OPERATING|Upstream|71308.0
649|PARADIGM ENERGY PARTNERS|Midstream|70392.0
650|CRESCENT POINT ENERGY US|Midstream|70369.0
651|SANCHEZ OIL AND GAS|Midstream|70260.0
652|CARRERA GAS GATHERING|Upstream|69535.0
653|UTICA GAS SERVICES|Midstream|69045.68000000001
654|RESOURCE STRATEGIES|Midstream|68544.14008698
655|WALTER OIL & GAS|Upstream|67629.0
656|MARUBENI INTERNATIONAL|Upstream|67390.375
657|HINKLE OIL & GAS|Upstream|67112.0
658|CHISHOLM ENERGY OPERATING|Upstream|66846.0
659|PORT PARRE INVESTMENTS, LLC D/B/A BOBCAT GAS STORA|Midstream|66344.0
660|WOLD ENERGY PARTNERS|Upstream|65879.0
661|VENADO OPERATING CO|Upstream|65063.0
662|LEED PETROLEUM|Midstream|62754.3296
663|RANCH WESTEX JV|Midstream|62507.0
664|DGP TAURUS FIELD SERVICES|Midstream|61529.0
665|STARTEX FIELD SERVICES|Midstream|59546.0
666|PILLSBURY, WINTHROP, SHAW, PITTMAN|Midstream|59075.100000000006
667|RANGE RESOURCES|Midstream|58983.0
668|EPIC MIDSTREAM|Midstream|58612.0
669|WARREN RESOURCES|Upstream|58343.0
670|PEAK POWDER RIVER RESOURCES|Upstream|57338.0
671|CROWN ENERGY PARTNERS|Upstream|57140.0
672|ALLIANCE PETROLEUM|Upstream|56721.0
673|E&B NATURAL RESOURCES|Upstream|56472.0
674|RUDY RESOURCES|Midstream|56428.500222
675|ROCKALL ENERGY|Upstream|56083.0
676|MARITIMES & NORTHEAST PIPELINE|Midstream|54458.0
677|BRIDGE ENERGY|Upstream|53859.0
678|EQUINOR US HOLDINGS|Midstream|53771.0
679|PARALLEL PETROLEUM|Upstream|53388.0
680|FL RICH GAS SERVICES|Midstream|53307.0
681|SAMUEL GARY JR ASSOCIATES|Upstream|53134.0
682|HENRY RESOURCES|Upstream|53092.0
683|M3 OHIO GATHERING|Midstream|52845.32
684|STINGRAY PIPELINE CO|Midstream|52379.0
685|PENNTEX MIDSTREAM PARTNERS|Midstream|52295.0
686|CARBON NATURAL GAS|Upstream|51727.0
687|TALL OAK MIDSTREAM|Midstream|51066.0
688|ANSCHUTZ EXPLORATION|Upstream|50687.0
689|AMPLIFY ENERGY|Upstream|50260.0
690|CLASSIC HYDROCARBONS|Upstream|50218.0
691|BALLARD PETROLEUM HOLDINGS|Upstream|49170.0
692|VAQUERO PERMIAN PROCESSING|Midstream|48500.0
693|IACX ENERGY|Midstream|48452.0
694|CITATION OIL & GAS|Upstream|47906.0
695|TRIUMPH ENERGY PARTNERS|Upstream|47821.0
696|AUSTRALIS TMS|Upstream|46300.0
697|NORTHWOODS ENERGY|Upstream|45728.0
698|HUNTINGTON ENERGY|Upstream|44243.0
699|BLACKBRUSH O & G|Midstream|42689.0
700|ROCKPOINT GAS STORAGE PARTNERS|Midstream|41939.0
701|EXELON|Midstream|41693.0
702|PER MANAGER|Midstream|41677.188
703|SN EF MAVERICK|Upstream|39710.0
704|PHILIP T SHARPLES TRUST|Midstream|39634.458786
705|EAGLECLAW MISTREAM SERVICES|Midstream|38996.0
706|CABOT|Midstream|38772.0
707|JKLM ENERGY|Upstream|38572.0
708|PORT BARRE INVESTMENTS, LLC D/B/A BOBCAT GAS STORA|Midstream|38104.0
709|MICOAST ENERGY|Midstream|38030.0
710|T-C OIL|Upstream|37831.0
711|PARADOX RESOURCES|Midstream|37683.0
712|ORX RESOURCES|Upstream|37429.0
713|PENSARELI|Midstream|37086.71803434
714|LIME ROCK RESOURCES|Midstream|36483.196500000005
715|RECOIL RESOURCES OPERATING|Upstream|34864.0
716|OWN RESOURCES OPERATING|Upstream|34027.0
717|KOCH INDUSTRIES|Upstream|33964.581999999995
718|ARENA ENERGY|Midstream|32847.9694
719|ANDERSON ENERGY|Upstream|32036.0
720|SCANA|Midstream|31765.0
721|MEDALLION MIDSTREAM 2|Midstream|31727.0
722|MIDSTREAM ENERGY PARTNERS USA|Midstream|31680.0
723|ELK PETROLEUM|Midstream|31492.990543440003
724|MISSION CREEK OPCO|Upstream|31222.0
725|BLUEFIN RESOURCES|Upstream|30878.0
726|SOUTHWEST GAS STORAGE|Midstream|30864.0
727|NORTH BAJA PIPELINE|Midstream|30642.0
728|ERGON|Upstream|30404.0
729|ENI PETROLEUM|Midstream|30151.4943
730|NORTH SHORE E&P|Midstream|29553.0
731|DGP TAURUS FIELD, SERVICES|Midstream|29439.0
732|MAERSK OIL GULF OF MEXICO FOUR|Upstream|29379.65
733|CORE APPALACHIA OPERATING|Upstream|29339.0
734|MARSH OIL & GAS|Upstream|28922.0
735|FELIX ENERGY|Upstream|28214.0
736|STANOLIND PRODUCTION|Midstream|28097.0
737|AXIA ENERGY II|Upstream|27892.0
738|MP GULF OF MEXICO|Upstream|27512.100000000002
739|UNION EXPLORATION PARTNERS|Midstream|27455.019200000006
740|GLOBAL INFRASTRUCTURE PARTNERS - A|Midstream|27270.0
741|HAWKWOOD ENERGY MANAGEMENT, LLC 220|Upstream|27091.0
742|TEXAS COASTAL VENTURES|Upstream|26813.0
743|SOUTHWESTERN PRODUCTION|Upstream|26138.0
744|TEX MONCRIEF EXPLORACOUNT II|Upstream|25816.5
745|JAYNE WRIGHTSMAN|Midstream|25732.360000000008
746|MISSOURI RIVER RESOURCES|Upstream|25724.0
747|WTG|Upstream|25542.0
748|OAK VALLEY OPERATING|Upstream|25157.0
749|WELLS FARGO ENERGY CAPITAL|Midstream|24956.4
750|MLCJR|Upstream|24588.72
751|CGAS PROPERTIES|Midstream|24563.0
752|PRIME OPERATING|Upstream|23706.0
753|GIP-B1 MASTER PTNR|Midstream|22902.5
754|CONFLUENCE DJ|Upstream|21401.0
755|RIM OPERATING|Upstream|20988.0
756|FPL GROUP|Midstream|19760.0
757|UTAH GAS|Midstream|19447.0
758|CROWHEART ENERGY|Midstream|19077.0
759|CAMBRIAN MANAGEMENT|Upstream|18910.0
760|KKR|Midstream|16945.0
761|WINFIELD RESOURCES|Midstream|16554.412000000004
762|RICOCHET ENERGY|Upstream|15943.0
763|CELERO ENERGY II|Upstream|15667.0
764|WA MONCRIEF JR|Upstream|15372.000000000002
765|COSTARMIDSTREAM|Midstream|14962.0
766|MANAGER GLOBAL MARKET DEVELOPMENT, GAS AND POWER MAR|Midstream|14853.168000000001
767|BEACON WEST ENERGY GROUP|Upstream|13560.0
768|TERRA ENERGY PARTNERS|Midstream|13441.0
769|HARVEST ENERGY|Upstream|13427.858
770|SHARPLES ASSOCIATES|Midstream|13058.768367000002
771|ARP RANGELY PRODUCTION|Midstream|13042.412869200003
772|DABB ENERGY|Midstream|12866.180000000004
773|COLEMAN OIL AND GAS|Upstream|12286.0
774|ARIEL EXPLORATION|Midstream|12262.810000000001
775|MOBIL PRODUCING TEXAS & NEW MEXICO|Midstream|12262.810000000001
776|PETROBAL OMEGA 1|Upstream|11865.0
777|CORTERRA ENERGY|Upstream|11608.0
778|MIDLAND OIL AND GAS|Upstream|9170.0
779|TRUE OIL|Midstream|9073.0
780|ELEANOR WHITCOMB, ROBERT KEADY, & LINDA K. BOYD TRUSTEES|Midstream|8829.747666000001
781|GEO R BROWN PARTNERSHIP|Midstream|8301.552722
782|MMGJ COLORADO|Midstream|7028.6442006
783|TRUNKLINE LNG|Midstream|6737.0
784|BTA|Upstream|6552.0
785|TREY RESOURCES|Upstream|6153.0
786|LYDA HUNT BUNKER TRUST-MARY MORELAND HUNT|Upstream|6121.0
787|OLDHAM FAMILY|Midstream|5967.99
788|ELEANOR WHITCOMB, ROBERT KEADY, & LINDA K BOYD TRUSTEES|Midstream|4949.108715
789|OMIMEX|Midstream|4320.0
790|SOUTHERN NATURAL GAS CO|Midstream|4306.0
791|FUELS ACQUISITION|Midstream|3854.0215000000007
792|BLACK ELK ENERGY OFFSHORE OPERATIONS|Midstream|3194.90517
793|FPL GROUP|Upstream|3069.0
794|S NATURAL GAS CO|Midstream|3064.0
795|CHROMA OPERATING|Upstream|3062.0
796|BEPCO|Upstream|2871.0
797|TRINITY CO2|Upstream|2431.0
798|BERKSHIRE HATHAWAY|Midstream|2378.0
799|MOUNTAINEER GAS HOLDINGS|Midstream|2115.0
800|WTGKS GP|Midstream|1667.2200000000003
801|LANDRETH COMPANY STOCKHOLDERS|Midstream|1229.8
802|TEXAS AMERICAN RESOURCES|Upstream|631.0
803|PUBLIC SERVICE ENTERPRISE GROUP|Midstream|41.0
804|QTL US TERMINAL|Midstream|11.9
805|NORTHERN NEW ENGLAND ENERGY|Midstream|3.0
806|GOLDEN PASS LNG TERMINAL INVESTMENTS|Midstream|2.9920000000000004
807|LIQUEFIED NATURAL GAS|Midstream|0.0
